FromParticipantId;Value_settled;Value_input;settled_input_ratio
1;22237367698.58;30579831419.84;0.7271906569161967
2;13068883983.46;18357820351.61;0.7118973676149872
3;18440267306.45;26871633349.91;0.6862354463656658
4;18681951283.71;24126021383.36;0.7743486166598178
5;22910271791.11;27493398365.36;0.8333008341368064
6;15395082097.91;18546070052.94;0.8300994255906797
7;17753663897.21;20714390587.65;0.8570690903064655
8;21528545986.09;24945819945.95;0.8630121612653265
