FromParticipantId;Value_settled;Value_input;settled_input_ratio
1;94409875.41;21818496618.46;0.00432705685735114
2;113042429.22;20068038731.72;0.005632958493413835
3;162202563.18;21500887989.27;0.007543993683467727
4;336467354.78;23871711917.65;0.014094814646754616
5;413953247.51;25203266271.17;0.0164245873156338
6;488527656.8;19303600418.31;0.025307592688077918
7;448527609.08;19639855993.05;0.0228376220904431
8;287523019.9;19905047087.27;0.014444729451752032
