FromParticipantId;Value_settled;Value_input;settled_input_ratio
1;20544009675.72;35458996767.89;0.5793736864637888
2;17759321355.170002;23151603076.21;0.7670881924119989
3;20369350095.64;25258781294.74;0.8064264802784369
4;19528305349.64;24604777157.01;0.793679423512938
5;18675010872.39;23117578897.03;0.8078272796460207
