FromParticipantId;Value_settled;Value_input;settled_input_ratio
1;20448481339.84;21818496618.46;0.9372085390401799
2;18285905957.82;20068038731.72;0.9111954686890692
3;18873538824.18;21500887989.27;0.8778027602208255
4;20626830661.01;23871711917.65;0.8640700228021418
5;20624432616.97;25203266271.17;0.8183237995847498
6;17948421068.41;19303600418.31;0.9297965498387246
7;16513509083.539999;19639855993.05;0.8408161999448301
8;18792239029.13;19905047087.27;0.9440941760518778
